Imie,Nazwisko,Email,Data urodzenia,Miasto
Jan,Kowalski,jankowalski@email.com,2010-05-12,Warszawa
Anna,Nowak,annanowak@email.com,2009-08-22,Krakow
Piotr,Zielinski,piotrzielinski@email.com,2008-03-10,Poznan
Maria,Wisniewska,mariawisniewska@email.com,2007-11-03,Wroclaw
Kamil,Slusarczyk,kamilslusarczyk@email.com,2006-02-17,Gdansk
Monika,Grabowska,monikagrabowska@email.com,2007-06-28,Lodz
Tomasz,Jakubowski,tomaszjakubowski@email.com,2001-09-25,Szczecin
Katarzyna,Wojcik,katarzynwojcik@email.com,2003-12-15,Lublin
Adam,Majewski,adammajewski@email.com,2004-07-30,Bialystok
Ewa,Chmielowska,ewachmielowska@email.com,1998-01-06,Katowice
Lukasz,Piotrowski,lpiotrowski@email.com,2003-04-04,Torun
Patrycja,Marciniak,patrycjam@email.com,2002-02-20,Zielona Gora
Wojciech,Wojda,wojciech.wojda@email.com,2000-10-13,Olsztyn
Zuzanna,Chmiel,zuzannachmiel@email.com,2001-11-25,Opole
Michal,Kaczmarek,michalkaczmarek@email.com,2005-05-18,Radom
Beata,Szymanska,beataszymanska@email.com,2002-12-02,Czestochowa
Lukasz,Borkowski,lukaszborkowski@email.com,2004-09-07,Bydgoszcz
Julia,Krawczyk,juliakrawczyk@email.com,2003-03-29,Gorzow Wielkopolski
Artur,Nowicki,arturnowicki@email.com,1985-08-14,Wloclawek
Agnieszka,Stolarz,agnieszkastolarz@email.com,1990-01-30,Plock
Sebastian,Dabrowski,sebastiandabrowski@email.com,1995-12-16,Koszalin
Kinga,Walczak,kingawalczak@email.com,2002-05-02,Zielona Gora
Marek,Kulesza,markekulesza@email.com,1989-07-09,Lublin
Monika,Polak,monikapolak@email.com,2004-04-14,Tarnow
Rafal,Zawisza,rafalzawisza@email.com,1998-11-08,Szczecin
Dorota,Borowski,dorotaborowski@email.com,2002-10-25,Gdansk
Konrad,Kowalczyk,konradkowalczyk@email.com,1999-03-16,Wroclaw
Katarzyna,Zych,katarzynazych@email.com,2000-07-03,Krakow
Krystian,Kobielski,krystiankobielski@email.com,2002-09-18,Torun
Malgorzata,Gorska,malgorzatagorska@email.com,2005-06-12,Poznan
Karolina,Sikora,karolinasikora@email.com,2000-01-20,Lodz
Bartosz,Adamczyk,baroszadamczyk@email.com,2002-11-11,Gdansk
Andrzej,Wasilewski,andrzejwasilewski@email.com,1987-02-09,Szczecin
Marta,Maly,martamaly@email.com,2002-07-15,Kielce
Janusz,Sierzant,januszierzant@email.com,1995-05-30,Radom
Zofia,Rutkowska,zofiarutkowska@email.com,1990-11-06,Bialystok
Adrianna,Nowakowska,adriannnowakowska@email.com,2007-02-12,Sosnowiec
Filip,Kaczmarek,filipkaczmarek@email.com,1995-09-29,Opole
Olga,Dabrowska,olgadabrowska@email.com,2000-03-07,Wroclaw
Kamil,Borkowski,kamilborkowski@email.com,2002-11-14,Lublin
Krzysztof,Chmiel,krzysztofchmiel@email.com,2001-08-10,Szczecin
Wiktoria,Kowalska,wiktoriakowalska@email.com,2004-06-22,Zielona Gora
Maja,Tomczak,majatomczak@email.com,2003-01-03,Gdansk
Emilia,Nowak,emilianowak@email.com,2007-04-26,Poznan
Hubert,Walczak,hubertwalczak@email.com,2006-12-14,Tarnow
Karol,Zawisza,karolzawisza@email.com,2002-10-10,Lodz
Kinga,Stolarz,kingastolarz@email.com,2003-09-05,Szczecin
Piotr,Rutkowski,piotrutkowski@email.com,1985-03-22,Radom
Alicja,Nowakowska,alicjanowakowska@email.com,1990-07-18,Bydgoszcz
Pawel,Siwek,pawelsiwek@email.com,1996-02-28,Krakow
Adam,Stefanowski,adamstefanowski@email.com,1975-01-10,Gdynia
Barbara,Kowalczyk,barbarakowalczyk@email.com,1968-03-14,Wroclaw
Zbigniew,Kaczmarek,zbigniewkaczmarek@email.com,1962-12-05,Opole
